id;flow_id;flow_name;flow_type;sender_is;sender_protocol;source_instance;receiver_is;receiver_protocol;target_instance;file_payload;flow_date_time;status
1;f270a25d-6d19-4145-8abf-4e64fb62b15e;parallelism enhance;Towels Forward ADP;Cotton hard drive;user-centric violet;architectures;bandwidth Plastic;payment;Granite metrics;withdrawal purple Analyst;2020-05-26T02:45:40;Rubber
2;fc8c5b3c-36a5-4f15-89ca-72d7adcadbba;Assistant Persevering;Kansas e-enable maroon;implement sticky Rhode Island;Guinea Franc cross-platform system-worthy;directional;capability solid state dot-com;bus innovate;Towels;Borders;2020-05-26T05:11:00;payment
3;bf902674-ff29-4780-80c2-8c89ece9302b;Forward;Guinea Franc;Utah;XML Maryland;deploy;Chips Bosnia and Herzegovina;Kiribati;Towels;RSS black Balboa US Dollar;2020-05-25T14:56:49;SSL deposit bluetooth
4;99b44a33-0a1d-472f-b67e-f2691717c552;Virginia;Plastic Awesome Metal Shirt;web-readiness;Customer Row Frozen;Shirt;mint green;Tactics withdrawal;Directives National Tasty;firewall compressing copying;2020-05-25T20:17:54;redundant
5;d61961fe-411b-451c-a952-12c0343a5ff7;withdrawal incubate;TCP cross-platform;Squares;Sleek Metal Gloves Borders;Web override;Incredible;Garden Jamaican Dollar;Adaptive;Ergonomic Cotton Car;2020-05-25T23:26:45;Timor-Leste
6;fd1d2420-ab2f-4fd7-b365-e8bb0fab577f;Walks;withdrawal Concrete;cultivate Savings Account;value-added;success Swedish Krona;Creative Wooden;Incredible Concrete Towels;Libyan Arab Jamahiriya niches e-services;calculating;2020-05-25T11:44:21;solid state target Concrete
7;14917312-ee35-46c1-a1e3-b3eb9a310176;Small Concrete Chips;payment;Synchronised Strategist collaborative;Salad Locks;streamline Function-based Buckinghamshire;PCI hard drive;bricks-and-clicks HTTP;Realigned Operations Central;Engineer Berkshire Steel;2020-05-26T05:54:36;value-added Intelligent Wooden Chair
8;78a346df-fb76-4b8b-a6f3-f36893b5d09a;generate web-readiness;EXE;non-volatile;Tasty Meadow;seamless Brunei Darussalam infrastructures;neural Multi-channelled;parse Awesome Concrete Bacon;Small Metal Fish;regional Administrator;2020-05-25T20:31:09;Plastic card synergies
9;275c4251-bf46-4193-8eda-b84ee7ee53ba;asymmetric;application;Regional;Toys XML Chair;viral;backing up;virtual Small Wooden Pizza toolset;innovate Rustic Configuration;East Caribbean Dollar New Jersey;2020-05-25T23:46:49;Mountains
10;13b5da09-e171-4f49-bf47-d0a03cf1ebfb;South Dakota;Mongolia Trinidad and Tobago Dollar;markets withdrawal;Unbranded Frozen Shoes application Engineer;card;Avon synthesizing;Managed;Metal;deposit;2020-05-25T11:16:43;Fields Personal Loan Account Guatemala
