id;remarks;error_code;flow_transactions_id;event_id;status_id
1;Small Soft Tuna Cambodia;multi-byte;1;1;1
2;Borders EXE Loaf;Tunisia interfaces Fiji Dollar;2;2;2
3;sky blue national optimal;Home Loan Account web services Incredible Fresh Ch;3;3;3
4;bandwidth Electronics hack;Open-architected transmitting Proactive;4;4;4
5;Zambian Kwacha Panama;collaborative parse;5;5;5
6;Prairie;Agent Home Loan Account;6;6;6
7;mesh;calculating;7;7;7
8;Pass Director Square;parse e-tailers;8;8;8
9;programming Money Market Account;Plastic;9;9;9
10;Upgradable Ergonomic Wooden Shoes;Chair;10;10;10
