id;flow_id;flow_name;flow_type;sender_is;sender_protocol;source_instance;receiver_is;receiver_protocol;target_instance;file_payload;flow_date_time
1;a25130ca-b847-463f-83c3-9c7587b1bc13;e-enable Rustic;red;Pennsylvania redundant;transmit Home Loan Account;Isle infomediaries;Virginia supply-chains Granite;Lao People's Democratic Republic;Future Producer Grocery;JSON;2020-05-26T05:31:25
2;cb0211e8-f678-44fb-816b-f5303bc626fa;Chair deposit Spring;program microchip connect;Multi-lateral sticky transition;Robust Kids Interactions;Illinois Garden Buckinghamshire;North Carolina Granite Avon;asymmetric European Unit of Account 9(E.U.A.-9);Balanced solutions Direct;override Direct reboot;2020-05-26T03:58:21
3;31887d95-572f-4727-b647-83e633033c64;Associate system;copying target;Branding drive;Thailand San Marino disintermediate;Ergonomic Frozen Table;Keyboard;matrix payment Borders;Organic;Gloves program;2020-05-25T16:44:21
4;47669a00-7f4e-4440-8d51-a665e5927238;leverage;quantify;overriding Cotton;Intelligent Cotton Salad deliverables Kuwait;PNG info-mediaries;responsive Music Industrial;Gloves Auto Loan Account Metal;5th generation;monitoring Unbranded Steel Fish Nigeria;2020-05-25T22:50:04
5;1cf474bb-35ae-4cb2-b6f7-7573cb17b1ba;Guinea Franc Principal;Flats;aggregate;matrix Computers;Light Soap;Handmade Metal Table Intelligent Cotton Cheese Mex;1080p access Pataca;Kenyan Shilling;Granite Accounts Avon;2020-05-26T00:38:45
6;953bc9ee-ed4b-4075-9a9b-75f7e0d68647;seize;Managed Handcrafted Frozen Bacon;Home Loan Account action-items RSS;Parkway lime;navigating upward-trending;innovate ROI connect;bleeding-edge Madagascar;e-business Licensed Steel Fish;e-business;2020-05-25T15:46:16
7;746cf533-90fb-47f2-ae8d-0bb79e1cbffa;Pula Rubber application;visionary withdrawal;Handcrafted Fresh Fish;Money Market Account hard drive Soft;Pa'anga Virgin Islands, U.S. Cambridgeshire;Branding Awesome Cross-platform;granular;redundant GB;invoice Borders United States of America;2020-05-26T02:17:41
8;de4cd0af-b4d8-4772-af53-22cbc6eaf533;Lithuania Practical;hard drive scale Industrial;Sleek Plastic Pants;Interactions bandwidth Marketing;Multi-lateral Savings Account;regional Money Market Account Intelligent Frozen B;Handcrafted;Practical Rubber Pizza alarm Ergonomic Steel Pizza;France;2020-05-25T18:25:58
9;d89630fd-d1cd-483f-9889-90a2f3fee73d;Aruba;cross-platform ivory payment;Program Crossroad;streamline Plastic;South Africa transmitter;PCI;Loop Fish;Bahraini Dinar Concrete;users productivity;2020-05-25T15:36:56
10;40ce2521-e48b-4f24-92a2-76e0e3055818;haptic paradigm Buckinghamshire;invoice interfaces Planner;Web;virtual bypassing Clothing;cyan Specialist;bandwidth Research;Consultant;payment;Legacy Rustic Fresh Mouse China;2020-05-25T08:59:44
