id;flow_name;flow_type
1;Cayman Islands Dollar Books;content monetize Wooden
2;24/365 Assurance Program;service-desk Industrial calculate
3;parse;JBOD bandwidth Court
4;Auto Loan Account;maximize
5;parse Fantastic Steel Chicken Small;Investment Account Fiji
6;Fresh partnerships;enterprise Auto Loan Account indexing
7;Industrial mobile withdrawal;Berkshire Berkshire
8;5th generation;Metal Sports web-readiness
9;Vermont bluetooth;silver enable Sleek Wooden Keyboard
10;Specialist International;Assistant
